{"name":"50237a1b-d750-429e-94fb-d6cbd022da2b","id":"/providers/Microsoft.Flow/flows/50237a1b-d750-429e-94fb-d6cbd022da2b","type":"Microsoft.Flow/flows","properties":{"apiId":"/providers/Microsoft.PowerApps/apis/shared_logicflows","displayName":"Employee Leave Request Approvals","definition":{"metadata":{"workflowEntityId":null,"processAdvisorMetadata":null,"flowChargedByPaygo":null,"flowclientsuspensionreason":"None","flowclientsuspensiontime":null,"flowclientsuspensionreasondetails":null,"creator":{"id":"5a3f38b5-17d0-4727-9a01-a9602749491e","type":"User","tenantId":"b2efcef3-8496-40b8-9de8-f135982f3461"},"provisioningMethod":"FromDefinition","failureAlertSubscription":true,"clientLastModifiedTime":"2025-11-06T22:36:50.7118861Z","connectionKeySavedTimeKey":"2025-11-06T22:36:50.7118861Z","creationSource":"Portal","modifiedSources":"Portal"},"$schema":"https://schema.management.azure.com/providers/Microsoft.Logic/schemas/2016-06-01/workflowdefinition.json#","contentVersion":"1.0.0.0","parameters":{"$authentication":{"defaultValue":{},"type":"SecureObject"},"$connections":{"defaultValue":{},"type":"Object"}},"triggers":{"When_a_new_response_is_submitted":{"splitOn":"@triggerOutputs()?['body/value']","metadata":{"operationMetadataId":"e7b9860e-e6e0-4266-a521-505fe4ecdbec"},"type":"OpenApiConnectionWebhook","inputs":{"parameters":{"form_id":"887vspaEuECd6PE1mC80YbU4P1rQFydHmgGpYCdJSR5UMkNTQUdMUlJZSFVHM0ZEM0lDTlhYVjlPNS4u"},"host":{"apiId":"/providers/Microsoft.PowerApps/apis/shared_microsoftforms","connectionName":"shared_microsoftforms","operationId":"CreateFormWebhook"},"authentication":"@parameters('$authentication')"}}},"actions":{"Get_response_details":{"runAfter":{},"metadata":{"operationMetadataId":"907a0ee6-0d04-4427-bfc7-eebcc94dd03c"},"type":"OpenApiConnection","inputs":{"parameters":{"form_id":"887vspaEuECd6PE1mC80YbU4P1rQFydHmgGpYCdJSR5UMkNTQUdMUlJZSFVHM0ZEM0lDTlhYVjlPNS4u","response_id":"@triggerOutputs()?['body/resourceData/responseId']"},"host":{"apiId":"/providers/Microsoft.PowerApps/apis/shared_microsoftforms","connectionName":"shared_microsoftforms","operationId":"GetFormResponseById"},"authentication":"@parameters('$authentication')"}},"Create_item":{"runAfter":{"Get_response_details":["Succeeded"]},"metadata":{"operationMetadataId":"29a44151-9902-4da6-943f-70c122efde06"},"type":"OpenApiConnection","inputs":{"parameters":{"dataset":"https://msfau-my.sharepoint.com/personal/gu23milo_fauad_fau_de","table":"979574cf-93d0-42c3-ab84-c2b6b3f9e9f9","item/EmployeeID":"@outputs('Get_response_details')?['body/rd7359dbcecce4271b9777bf8f9ef42d6']","item/EmployeeName":"@outputs('Get_response_details')?['body/r984731997d5f418482659d38730cc1f6']","item/LeaveStartDate":"@outputs('Get_response_details')?['body/rf2e107924b20425a9c967fc1e8bfddb0']","item/LeaveEndDate":"@outputs('Get_response_details')?['body/r76f40d0777e8414c88b0dcbfe5f6e123']","item/Reason":"@outputs('Get_response_details')?['body/rc0aacecf7853496b87fc7420f24a1608']","item/Title":"@{triggerOutputs()?['body/resourceData/responseId']}. @{outputs('Get_response_details')?['body/r984731997d5f418482659d38730cc1f6']}","item/Department/Value":"@outputs('Get_response_details')?['body/r889f36ce51a848a09e1f86abf5110c55']","item/TypeofLeave/Value":"@outputs('Get_response_details')?['body/rcec83245ae16419fa784cada82ea23aa']","item/Status/Value":"Pending"},"host":{"apiId":"/providers/Microsoft.PowerApps/apis/shared_sharepointonline","connectionName":"shared_sharepointonline","operationId":"PostItem"},"authentication":"@parameters('$authentication')"}},"Start_and_wait_for_an_approval":{"runAfter":{"Create_item":["Succeeded"]},"metadata":{"operationMetadataId":"2deb73d3-b9ad-4b3b-b4d3-db0012c5f83e"},"type":"OpenApiConnectionWebhook","inputs":{"parameters":{"approvalType":"Basic","WebhookApprovalCreationInput/title":"Leave Request for @{outputs('Create_item')?['body/EmployeeID']} (@{outputs('Create_item')?['body/EmployeeName']}) from @{outputs('Get_response_details')?['body/r889f36ce51a848a09e1f86abf5110c55']}","WebhookApprovalCreationInput/assignedTo":"gu23milo@fauad.fau.de","WebhookApprovalCreationInput/details":"Leave Request Details:\n\nDepartment: @{outputs('Get_response_details')?['body/r889f36ce51a848a09e1f86abf5110c55']}\nStart Date: @{outputs('Get_response_details')?['body/rf2e107924b20425a9c967fc1e8bfddb0']}\nEnd Date: @{outputs('Get_response_details')?['body/r76f40d0777e8414c88b0dcbfe5f6e123']}\nType of Leave: @{outputs('Get_response_details')?['body/rcec83245ae16419fa784cada82ea23aa']}\nReason: @{outputs('Get_response_details')?['body/rc0aacecf7853496b87fc7420f24a1608']}","WebhookApprovalCreationInput/enableNotifications":true,"WebhookApprovalCreationInput/enableReassignment":true},"host":{"apiId":"/providers/Microsoft.PowerApps/apis/shared_approvals","connectionName":"shared_approvals","operationId":"StartAndWaitForAnApproval"},"authentication":"@parameters('$authentication')"}},"Condition":{"actions":{"Update_item":{"metadata":{"operationMetadataId":"07bfd8d6-06d9-4be6-af2f-8f30f7aaf0ff"},"type":"OpenApiConnection","inputs":{"parameters":{"dataset":"https://msfau-my.sharepoint.com/personal/gu23milo_fauad_fau_de","table":"979574cf-93d0-42c3-ab84-c2b6b3f9e9f9","id":"@outputs('Create_item')?['body/ID']","item/EmployeeID":"@outputs('Get_response_details')?['body/rd7359dbcecce4271b9777bf8f9ef42d6']","item/EmployeeName":"@outputs('Get_response_details')?['body/r984731997d5f418482659d38730cc1f6']","item/LeaveStartDate":"@outputs('Get_response_details')?['body/rf2e107924b20425a9c967fc1e8bfddb0']","item/LeaveEndDate":"@outputs('Get_response_details')?['body/r76f40d0777e8414c88b0dcbfe5f6e123']","item/Reason":"@outputs('Get_response_details')?['body/rc0aacecf7853496b87fc7420f24a1608']","item/Status/Value":"Approved"},"host":{"apiId":"/providers/Microsoft.PowerApps/apis/shared_sharepointonline","connectionName":"shared_sharepointonline","operationId":"PatchItem"},"authentication":"@parameters('$authentication')"}}},"runAfter":{"Start_and_wait_for_an_approval":["Succeeded"]},"else":{"actions":{"Update_item_1":{"metadata":{"operationMetadataId":"3b820088-81d9-404d-828f-14c9f902f99a"},"type":"OpenApiConnection","inputs":{"parameters":{"dataset":"https://msfau-my.sharepoint.com/personal/gu23milo_fauad_fau_de","table":"979574cf-93d0-42c3-ab84-c2b6b3f9e9f9","id":"@outputs('Create_item')?['body/ID']","item/EmployeeID":"@outputs('Get_response_details')?['body/rd7359dbcecce4271b9777bf8f9ef42d6']","item/EmployeeName":"@outputs('Get_response_details')?['body/r984731997d5f418482659d38730cc1f6']","item/LeaveStartDate":"@outputs('Get_response_details')?['body/rf2e107924b20425a9c967fc1e8bfddb0']","item/LeaveEndDate":"@outputs('Get_response_details')?['body/r76f40d0777e8414c88b0dcbfe5f6e123']","item/Reason":"@outputs('Get_response_details')?['body/rc0aacecf7853496b87fc7420f24a1608']","item/Status/Value":"Rejected"},"host":{"apiId":"/providers/Microsoft.PowerApps/apis/shared_sharepointonline","connectionName":"shared_sharepointonline","operationId":"PatchItem"},"authentication":"@parameters('$authentication')"}}}},"expression":{"and":[{"equals":["@outputs('Start_and_wait_for_an_approval')?['body/outcome']","Approve"]}]},"metadata":{"operationMetadataId":"3d7cf91e-2a45-42fe-86c4-cda41b22fb0e"},"type":"If"}},"outputs":{}},"connectionReferences":{"shared_microsoftforms":{"connectionName":"shared-microsoftform-e2a61f78-6d0b-49c9-acdc-33f446e698b5","source":"Embedded","id":"/providers/Microsoft.PowerApps/apis/shared_microsoftforms","tier":"NotSpecified","apiName":"microsoftforms","isProcessSimpleApiReferenceConversionAlreadyDone":false},"shared_sharepointonline":{"connectionName":"shared-sharepointonl-cf30faf8-803a-4127-9025-2cbf85201b23","source":"Embedded","id":"/providers/Microsoft.PowerApps/apis/shared_sharepointonline","tier":"NotSpecified","apiName":"sharepointonline","isProcessSimpleApiReferenceConversionAlreadyDone":false},"shared_approvals":{"connectionName":"shared-approvals-f640ca5f-141a-4ea1-bf30-59738275fb72","source":"Embedded","id":"/providers/Microsoft.PowerApps/apis/shared_approvals","tier":"NotSpecified","apiName":"approvals","isProcessSimpleApiReferenceConversionAlreadyDone":false}},"flowFailureAlertSubscribed":false,"isManaged":false}}